id,name,sample,rep,B,Mg,P,S,K,Ca,Mn,Fe,Cu,Zn
1,coloma,1,1,NA,NA,NA,NA,high,high,high,high,NA,optimum
2,coloma,2,1,NA,high,NA,NA,high,high,high,high,NA,optimum
3,coloma,2,2,NA,high,NA,NA,high,high,high,high,NA,high
4,coloma,2,3,NA,high,NA,NA,high,high,high,high,NA,high
5,coloma,3,1,NA,high,NA,NA,high,high,high,high,NA,optimum
6,coloma,3,2,NA,high,NA,NA,high,high,high,high,NA,optimum
7,coloma,3,3,NA,high,NA,NA,high,high,high,high,NA,optimum
8,coloma,6,1,NA,high,NA,NA,high,high,high,high,NA,high
9,coloma,6,2,NA,optimum,NA,NA,high,high,high,high,NA,optimum
10,coloma,6,3,NA,optimum,NA,NA,high,high,high,high,NA,optimum
11,coloma,7,1,NA,high,NA,NA,high,high,high,high,NA,optimum
12,coloma,7,2,NA,optimum,NA,NA,high,high,high,high,NA,optimum
13,coloma,7,3,NA,high,NA,NA,high,high,high,high,NA,optimum
14,coloma,8,1,NA,high,NA,NA,high,high,high,high,NA,optimum
15,coloma,8,2,NA,optimum,NA,NA,high,high,high,high,NA,optimum
16,coloma,8,3,NA,optimum,NA,NA,high,high,high,high,NA,optimum
17,coloma,9,1,NA,high,NA,NA,high,high,high,high,NA,optimum
18,coloma,9,2,NA,optimum,NA,NA,high,high,high,high,NA,optimum
19,coloma,9,3,NA,optimum,NA,NA,high,high,high,high,NA,optimum
20,coloma,10,1,NA,high,NA,NA,high,high,high,high,NA,optimum
21,coloma,10,2,NA,optimum,NA,NA,high,high,high,high,NA,optimum
22,coloma,10,3,NA,optimum,NA,NA,high,high,high,high,NA,optimum
23,coloma,11,1,NA,high,NA,NA,high,high,high,high,NA,high
24,coloma,11,2,NA,optimum,NA,NA,high,high,high,high,NA,high
25,coloma,11,3,NA,high,NA,NA,high,high,high,high,NA,high
26,coloma,12,1,NA,high,NA,NA,high,high,high,high,NA,high
27,coloma,12,2,NA,high,NA,NA,high,high,high,high,NA,high
28,coloma,12,3,NA,high,NA,NA,high,high,high,high,NA,high
29,coloma,13,1,NA,high,NA,NA,high,high,high,high,NA,optimum
30,coloma,13,2,NA,high,NA,NA,high,high,high,high,NA,optimum
31,coloma,13,3,NA,high,NA,NA,high,high,high,high,NA,optimum
32,coloma,14,1,NA,high,NA,NA,high,high,high,high,NA,optimum
33,coloma,14,2,NA,optimum,NA,NA,high,high,high,high,NA,optimum
34,coloma,14,3,NA,optimum,NA,NA,high,high,high,high,NA,optimum
35,coloma,15,1,NA,high,NA,NA,high,high,high,high,NA,high
36,coloma,15,2,NA,high,NA,NA,high,high,high,high,NA,high
37,coloma,15,3,NA,high,NA,NA,high,high,high,high,NA,high
38,coloma,16,1,NA,high,NA,NA,high,high,high,high,NA,optimum
39,coloma,16,2,NA,high,NA,NA,high,high,high,high,NA,optimum
40,coloma,16,3,NA,high,NA,NA,high,high,high,high,NA,optimum
41,coloma,17,1,NA,high,NA,NA,high,high,high,high,NA,high
42,coloma,17,2,NA,high,NA,NA,high,high,high,high,NA,high
43,coloma,17,3,NA,high,NA,NA,high,high,high,high,NA,high
44,coloma,18,1,NA,high,NA,NA,high,high,high,high,NA,optimum
45,coloma,18,2,NA,optimum,NA,NA,high,high,high,high,NA,optimum
46,coloma,18,3,NA,optimum,NA,NA,high,high,high,high,NA,optimum
47,coloma,19,1,NA,high,NA,NA,high,high,high,high,NA,high
48,coloma,19,2,NA,high,NA,NA,high,high,high,high,NA,optimum
49,coloma,19,3,NA,high,NA,NA,high,high,high,high,NA,high
50,coloma,20,1,NA,high,NA,NA,high,high,high,high,NA,high
51,coloma,20,2,NA,high,NA,NA,high,high,high,high,NA,optimum
52,coloma,20,3,NA,high,NA,NA,high,high,high,high,NA,high
53,coloma,21,1,NA,high,NA,NA,high,high,high,high,NA,high
54,coloma,21,2,high,high,NA,NA,high,high,high,high,NA,high
55,coloma,21,3,NA,high,NA,NA,high,high,high,high,NA,high
56,coloma,22,1,NA,high,NA,NA,high,high,high,high,NA,high
57,coloma,22,2,NA,high,NA,NA,high,high,high,high,NA,high
58,coloma,22,3,NA,high,NA,NA,high,high,high,high,NA,high
59,coloma,23,1,high,high,NA,NA,high,high,high,high,NA,high
60,coloma,23,2,NA,high,NA,NA,high,high,high,high,NA,high
61,coloma,23,3,high,high,NA,NA,high,high,high,high,NA,high
62,coloma,24,1,NA,high,NA,NA,high,high,high,high,NA,high
63,coloma,24,2,NA,high,NA,NA,high,high,high,high,NA,high
64,coloma,24,3,NA,high,NA,NA,high,high,high,high,NA,high
65,coloma,25,1,NA,high,NA,NA,high,high,high,high,NA,high
66,coloma,25,2,NA,high,NA,NA,high,high,high,high,NA,high
67,coloma,25,3,NA,high,NA,NA,high,high,high,high,NA,high
68,coloma,26,1,NA,high,NA,NA,high,high,high,high,NA,high
69,coloma,26,2,NA,high,NA,NA,high,high,high,high,NA,high
70,coloma,26,3,NA,high,NA,NA,high,high,high,high,NA,high
71,coloma,27A,1,NA,high,NA,NA,high,high,high,high,NA,optimum
72,coloma,27A,2,NA,high,NA,NA,high,high,high,high,NA,optimum
73,coloma,27A,3,NA,high,NA,NA,high,high,high,high,NA,optimum
74,coloma,27B,1,NA,high,NA,NA,high,high,high,high,NA,optimum
75,coloma,27B,2,NA,high,NA,NA,high,high,high,high,NA,optimum
76,coloma,27B,3,NA,optimum,NA,NA,high,high,high,high,NA,optimum
77,coloma,28,1,NA,high,NA,NA,high,high,high,high,NA,high
78,coloma,28,2,NA,high,NA,NA,high,high,high,high,NA,high
79,coloma,28,3,NA,high,NA,NA,high,high,high,high,NA,high
80,coloma,29,1,NA,high,NA,NA,high,high,high,high,NA,high
81,coloma,29,2,NA,high,NA,NA,high,high,high,high,NA,high
82,coloma,29,3,NA,high,NA,NA,high,high,high,high,NA,high
83,coloma,30,1,NA,high,NA,NA,high,high,high,high,NA,optimum
84,coloma,30,2,NA,high,NA,NA,high,high,high,high,NA,optimum
85,coloma,30,3,NA,optimum,NA,NA,high,high,high,high,NA,optimum
86,coloma,31,1,NA,high,NA,NA,high,high,high,high,NA,high
87,coloma,31,2,NA,high,NA,NA,high,high,high,high,NA,high
88,coloma,31,3,NA,high,NA,NA,high,high,high,high,NA,high
89,coloma,32,1,NA,high,NA,NA,high,high,high,high,NA,optimum
90,coloma,32,2,high,high,NA,NA,high,high,high,high,NA,optimum
91,coloma,32,3,NA,high,NA,NA,high,high,high,high,NA,optimum
92,coloma,33,1,NA,high,NA,NA,high,high,high,high,NA,high
93,coloma,33,2,NA,high,NA,NA,high,high,high,high,NA,high
94,coloma,33,3,NA,high,NA,NA,high,high,high,high,NA,high
95,coloma,34,1,NA,high,NA,NA,high,high,high,high,NA,optimum
96,coloma,34,2,NA,high,NA,NA,high,high,high,high,NA,high
97,coloma,34,3,NA,high,high,NA,high,high,high,high,NA,high
98,coloma,35,1,NA,high,NA,NA,high,high,high,high,NA,high
99,coloma,35,2,NA,high,NA,NA,high,high,high,high,NA,high
100,coloma,35,3,NA,high,NA,NA,high,high,high,high,NA,high
101,coloma,36,1,NA,optimum,NA,NA,high,high,high,high,NA,optimum
102,coloma,36,2,NA,high,NA,NA,high,high,high,high,NA,high
103,coloma,36,3,NA,high,NA,NA,high,high,high,high,NA,optimum
104,coloma,37,1,NA,high,NA,NA,high,high,high,high,NA,high
105,coloma,37,2,NA,high,NA,NA,high,high,high,high,NA,high
106,coloma,37,3,NA,high,NA,NA,high,high,high,high,NA,high
107,coloma,38,1,NA,high,high,NA,high,high,high,high,NA,high
108,coloma,38,2,NA,high,NA,NA,high,high,high,high,NA,high
109,coloma,38,3,NA,high,high,NA,high,high,high,high,NA,high
110,coloma,39,1,NA,high,NA,NA,high,high,high,high,NA,high
111,coloma,39,2,NA,high,NA,NA,high,high,high,high,NA,high
112,coloma,39,3,NA,high,NA,NA,high,high,high,high,NA,high
113,coloma,40,1,NA,high,NA,NA,high,high,high,high,NA,high
114,coloma,40,2,NA,high,NA,NA,high,high,high,high,NA,high
115,coloma,40,3,NA,high,NA,NA,high,high,high,high,NA,high
116,coloma,41,1,NA,high,NA,NA,high,high,high,high,NA,high
117,coloma,41,2,NA,high,NA,NA,high,high,high,high,NA,high
118,coloma,41,3,NA,high,NA,NA,high,high,high,high,NA,high
119,coloma,42,1,NA,high,NA,NA,high,high,high,high,NA,high
120,coloma,42,2,NA,high,NA,NA,high,high,high,high,NA,high
121,coloma,42,3,NA,high,NA,NA,high,high,high,high,NA,high
122,coloma,43,1,NA,high,high,NA,high,high,high,high,NA,high
123,coloma,43,2,NA,high,NA,NA,high,high,high,high,NA,high
124,coloma,43,3,NA,high,high,NA,high,high,high,high,NA,high
125,coloma,44,1,NA,high,NA,NA,high,high,high,high,NA,high
126,coloma,44,2,NA,high,NA,NA,high,high,high,high,NA,high
127,coloma,44,3,NA,high,NA,NA,high,high,high,high,NA,high
128,coloma,45,1,NA,high,high,NA,high,high,high,high,NA,high
129,coloma,45,2,NA,high,high,NA,high,high,high,high,NA,high
130,coloma,45,3,NA,high,high,NA,high,high,high,high,NA,high
131,coloma,46,1,NA,high,high,NA,high,high,high,high,NA,high
132,coloma,46,2,NA,high,high,NA,high,high,high,high,NA,high
133,coloma,46,3,NA,high,high,NA,high,high,high,high,NA,high
134,lobby,1,1,NA,high,NA,NA,high,high,high,high,optimum,high
135,lobby,1,2,NA,high,high,NA,high,high,high,high,optimum,high
136,lobby,1,3,high,high,high,NA,high,high,high,high,optimum,high
137,lobby,2,1,NA,high,low,NA,low,high,high,high,high,high
138,lobby,2,2,NA,high,high,NA,high,high,high,high,high,high
139,lobby,2,3,NA,high,high,NA,high,high,high,high,high,high
140,lobby,3,1,NA,high,NA,NA,high,high,high,high,optimum,high
141,lobby,3,2,NA,high,high,NA,high,high,high,high,optimum,high
142,lobby,3,3,NA,high,high,NA,high,high,high,high,optimum,high
143,lobby,4,1,NA,high,NA,NA,high,high,high,high,optimum,high
144,lobby,4,2,NA,high,high,NA,high,high,high,high,high,high
145,lobby,4,3,NA,high,high,NA,high,high,high,high,high,high
146,lobby,5,1,NA,high,high,NA,high,high,high,high,high,high
147,lobby,5,2,NA,high,high,NA,high,high,high,high,high,high
148,lobby,5,3,NA,high,high,NA,high,high,high,high,high,high
149,lobby,6,1,NA,high,high,NA,high,high,high,high,high,high
150,lobby,6,2,NA,high,high,NA,high,high,high,high,optimum,high
151,lobby,6,3,NA,high,high,NA,high,high,high,high,optimum,high
152,lobby,7,1,NA,high,high,NA,high,high,high,high,optimum,high
153,lobby,7,2,NA,high,high,NA,high,high,high,high,optimum,high
154,lobby,7,3,NA,high,high,NA,high,high,high,high,optimum,high
155,lobby,8,1,NA,high,high,NA,high,NA,high,high,optimum,high
156,lobby,8,2,NA,high,high,NA,high,optimum,high,high,high,high
157,lobby,8,3,NA,high,high,NA,high,high,high,high,high,high
158,lobby,9,1,NA,high,high,NA,high,optimum,high,high,optimum,optimum
159,lobby,9,2,NA,high,high,NA,high,optimum,high,high,optimum,optimum
160,lobby,9,3,NA,high,high,NA,high,optimum,high,high,optimum,optimum
161,lobby,10,1,NA,high,high,NA,high,optimum,high,high,optimum,high
162,lobby,10,2,NA,high,high,NA,high,high,high,high,optimum,high
163,lobby,10,3,NA,high,high,NA,high,high,high,high,optimum,high
164,lobby,11,1,high,high,high,NA,high,NA,high,high,optimum,high
165,lobby,11,2,high,high,high,NA,high,NA,high,high,optimum,high
166,lobby,11,3,NA,NA,NA,NA,NA,low,NA,high,NA,NA
167,lobby,12,1,high,high,high,low,high,NA,high,high,high,high
168,lobby,12,2,high,high,high,low,high,NA,high,high,high,high
169,lobby,12,3,high,high,high,optimum,high,NA,high,high,high,high
170,lobby,13,1,high,high,high,NA,high,NA,high,high,optimum,high
171,lobby,13,2,high,high,high,NA,high,NA,high,high,optimum,high
172,lobby,13,3,high,high,high,NA,high,NA,high,high,optimum,high
173,lobby,14,1,high,high,high,NA,high,NA,high,high,optimum,high
174,lobby,14,2,high,high,high,NA,high,NA,high,high,optimum,high
175,lobby,14,3,high,high,high,low,high,NA,high,high,optimum,high
176,lobby,15,1,high,high,high,high,high,NA,high,high,high,high
177,lobby,15,2,high,high,high,high,high,NA,high,high,high,high
178,lobby,15,3,high,high,high,high,high,NA,high,high,high,high
179,lobby,16,1,high,high,high,high,high,NA,high,high,high,high
180,lobby,16,2,high,high,high,high,high,NA,high,high,high,high
181,lobby,16,3,high,high,high,optimum,high,NA,high,high,high,high
182,lobby,17,1,high,high,high,high,high,NA,high,high,high,high
183,lobby,17,2,high,high,high,high,high,NA,high,high,high,high
184,lobby,17,3,high,high,high,high,high,NA,high,high,high,high
185,lobby,18,1,high,high,high,low,high,NA,high,high,optimum,high
186,lobby,18,2,high,high,high,low,high,NA,high,high,optimum,high
187,lobby,18,3,high,high,high,low,high,NA,high,high,optimum,high
188,lobby,19,1,high,high,high,high,high,NA,high,high,high,high
189,lobby,19,2,high,high,high,high,high,NA,high,high,high,high
190,lobby,19,3,high,high,high,high,high,NA,high,high,high,high
191,lobby,20,1,high,high,high,high,high,NA,high,high,high,high
192,lobby,20,2,high,high,high,high,high,NA,high,high,high,high
193,lobby,20,3,high,high,high,high,high,NA,high,high,high,high
194,lobby,21,1,high,high,high,high,high,NA,high,high,optimum,high
195,lobby,21,2,high,high,high,high,high,NA,high,high,high,high
196,lobby,21,3,high,high,high,high,high,NA,high,high,high,high
197,lobby,22,1,high,high,high,low,high,NA,high,high,high,high
198,lobby,22,2,high,high,high,low,high,NA,high,high,high,high
199,lobby,22,3,high,high,high,low,high,NA,high,high,high,high
200,lobby,23,1,high,high,high,optimum,high,NA,high,high,high,high
201,lobby,23,2,high,high,high,low,high,NA,high,high,high,high
202,lobby,23,3,high,high,high,low,high,NA,high,high,high,high
203,lobby,24,1,high,high,high,high,high,NA,high,high,high,high
204,lobby,24,2,high,high,high,high,high,NA,high,high,high,high
205,lobby,24,3,high,high,high,high,high,NA,high,high,high,high
206,lobby,25,1,high,high,high,high,high,NA,high,high,high,high
207,lobby,25,2,high,high,high,high,high,NA,high,high,high,high
208,lobby,25,3,high,high,high,high,high,NA,high,high,high,high
209,lobby,26,1,high,high,high,high,high,NA,high,high,high,high
210,lobby,26,2,high,high,high,high,high,NA,high,high,high,high
211,lobby,26,3,high,high,high,high,high,NA,high,high,high,high
212,lobby,27,1,high,high,high,low,high,high,high,high,high,high
213,lobby,27,2,high,high,high,low,high,high,high,high,high,high
214,lobby,27,3,high,high,high,low,high,high,high,high,high,high
215,lobby,28,1,high,high,high,low,high,high,high,high,high,high
216,lobby,28,2,high,high,high,low,high,high,high,high,optimum,high
217,lobby,28,3,high,high,high,low,high,high,high,high,high,high
218,lobby,29,1,high,high,high,high,high,NA,high,high,high,high
219,lobby,29,2,high,high,high,high,high,NA,high,high,high,high
220,lobby,29,3,high,high,high,high,high,NA,high,high,high,high
221,lobby,30,1,high,high,high,low,high,NA,high,high,high,high
222,lobby,30,2,high,high,high,low,high,NA,high,high,high,high
223,lobby,30,3,high,high,high,low,high,NA,high,high,high,high
224,lobby,31,1,high,high,high,optimum,high,NA,high,high,high,high
225,lobby,31,2,high,high,high,high,high,NA,high,high,high,high
226,lobby,31,3,high,high,high,high,high,NA,high,high,high,high
227,lobby,32,1,high,high,high,high,high,NA,high,high,high,high
228,lobby,32,2,high,high,high,high,high,NA,high,high,high,high
229,lobby,32,3,high,high,high,high,high,NA,high,high,high,high
230,lobby,33,1,high,high,high,NA,high,high,high,high,optimum,high
231,lobby,33,2,high,high,high,NA,high,high,high,high,optimum,high
232,lobby,33,3,high,high,high,NA,high,high,high,high,optimum,high
233,lobby,34,1,high,high,high,NA,high,high,high,high,optimum,high
234,lobby,34,2,high,high,high,NA,high,high,high,high,optimum,high
235,lobby,34,3,high,high,high,NA,high,high,high,high,optimum,high
236,lobby,35,1,high,high,high,NA,high,high,high,high,optimum,high
237,lobby,35,2,high,high,high,NA,high,high,high,high,optimum,high
238,lobby,35,3,high,high,high,NA,high,high,high,high,optimum,high
239,lobby,36,1,high,high,high,NA,high,high,high,high,optimum,high
240,lobby,36,2,high,high,high,NA,high,high,high,high,optimum,high
241,lobby,36,3,high,high,high,NA,high,high,high,high,optimum,high
242,lobby,37,1,high,high,high,NA,high,high,high,high,high,high
243,lobby,37,2,high,high,high,NA,high,high,high,high,optimum,high
244,lobby,37,3,high,high,high,NA,high,high,high,high,optimum,high
245,lobby,38,1,high,high,high,NA,high,high,high,high,optimum,high
246,lobby,38,2,high,high,high,NA,high,high,high,high,optimum,high
247,lobby,38,3,high,high,high,NA,high,high,high,high,optimum,high
248,lobby,39,1,high,high,high,low,high,NA,high,high,high,high
249,lobby,39,2,high,high,high,low,high,NA,high,high,high,high
250,lobby,39,3,high,high,high,low,high,NA,high,high,high,high
251,lobby,40,1,high,high,high,optimum,high,NA,high,high,high,high
252,lobby,40,2,high,high,high,optimum,high,NA,high,high,high,high
253,lobby,40,3,high,high,high,optimum,high,NA,high,high,high,high
254,lobby,41,1,high,high,high,high,high,NA,high,high,high,high
255,lobby,41,2,high,high,high,high,high,NA,high,high,high,high
256,lobby,41,3,high,high,high,high,high,NA,high,high,high,high
257,lobby,42,1,high,high,high,high,high,NA,high,high,high,high
258,lobby,42,2,high,high,high,high,high,NA,high,high,high,high
259,lobby,42,3,high,high,high,high,high,NA,high,high,high,high
260,lobby,43,1,high,high,high,high,high,NA,high,high,high,high
261,lobby,43,2,high,high,high,high,high,NA,high,high,high,high
262,lobby,43,3,high,high,high,high,high,NA,high,high,high,high
263,lobby,44,1,high,high,high,high,high,NA,high,high,high,high
264,lobby,44,2,high,high,high,high,high,NA,high,high,high,high
265,lobby,44,3,high,high,high,high,high,NA,high,high,high,high
266,lobby,45,1,high,high,high,high,high,NA,high,high,high,high
267,lobby,45,2,high,high,high,high,high,NA,high,high,high,high
268,lobby,45,3,high,high,high,high,high,NA,high,high,high,high
269,lobby,46,1,high,high,high,NA,high,NA,high,high,optimum,high
270,lobby,46,2,optimum,high,high,NA,high,NA,high,high,optimum,high
271,lobby,46,3,optimum,high,high,NA,high,NA,high,high,high,high
272,lobby,47,1,optimum,high,high,low,high,NA,high,high,optimum,high
273,lobby,47,2,high,high,high,low,high,NA,high,high,optimum,high
274,lobby,47,3,high,high,high,low,high,NA,high,high,optimum,high
275,lobby,48,1,optimum,high,high,low,high,NA,high,high,optimum,high
276,lobby,48,2,optimum,high,high,low,high,NA,high,high,optimum,high
277,lobby,48,3,high,high,high,low,high,NA,high,high,optimum,high
278,lobby,49,1,optimum,high,high,low,high,NA,high,high,high,high
279,lobby,49,2,optimum,high,high,low,high,NA,high,high,high,high
280,lobby,49,3,optimum,high,high,low,high,NA,high,high,high,high
281,lobby,50,1,high,high,high,NA,high,high,high,high,optimum,high
282,lobby,50,2,optimum,high,high,NA,high,high,high,high,optimum,high
283,lobby,50,3,high,high,high,NA,high,high,high,high,optimum,high
284,lobby,51,1,optimum,high,high,NA,high,high,high,high,optimum,high
285,lobby,51,2,high,high,high,NA,high,high,high,high,optimum,high
286,lobby,51,3,high,high,high,NA,high,high,high,high,optimum,high
287,lobby,52,1,high,high,high,low,high,NA,high,high,optimum,high
288,lobby,52,2,high,high,high,low,high,NA,high,high,optimum,high
289,lobby,52,3,optimum,high,high,low,high,NA,high,high,optimum,high
290,lobby,53,1,high,high,high,low,high,NA,high,high,high,high
291,lobby,53,2,high,high,high,low,high,NA,high,high,high,high
292,lobby,53,3,high,high,high,low,high,NA,high,high,high,high
293,lobby,54,1,high,high,high,low,high,NA,high,high,optimum,high
294,lobby,54,2,high,high,high,low,high,NA,high,high,high,high
295,lobby,54,3,high,high,high,optimum,high,NA,high,high,high,high
296,lobby,55,1,high,high,high,low,high,NA,high,high,high,high
297,lobby,55,2,high,high,high,low,high,NA,high,high,high,high
298,lobby,55,3,high,high,high,low,high,NA,high,high,high,high
299,lobby,56,1,high,high,high,high,high,NA,high,high,high,high
300,lobby,56,2,high,high,high,high,high,NA,high,high,high,high
301,lobby,56,3,high,high,high,high,high,NA,high,high,high,high
302,lobby,57,1,high,high,high,high,high,NA,high,high,high,high
303,lobby,57,2,high,high,high,high,high,NA,high,high,high,high
304,lobby,57,3,high,high,high,high,high,NA,high,high,high,high
305,lobby,58,1,high,high,high,high,high,NA,high,high,optimum,high
306,lobby,58,2,high,high,high,high,high,NA,high,high,optimum,high
307,lobby,58,3,high,high,high,high,high,NA,high,high,optimum,high
308,lobby,59,1,high,high,high,optimum,high,NA,high,high,optimum,high
309,lobby,59,2,high,high,high,high,high,NA,high,high,optimum,high
310,lobby,59,3,high,high,high,high,high,NA,high,high,optimum,high
311,lobby,60,1,high,high,high,NA,high,NA,high,high,optimum,high
312,lobby,60,2,high,high,high,NA,high,NA,high,high,optimum,high
313,lobby,60,3,high,high,high,NA,high,NA,high,high,optimum,high
314,patrick,1,1,NA,high,high,NA,high,optimum,high,high,optimum,high
315,patrick,1,2,NA,high,high,NA,high,optimum,high,high,optimum,high
316,patrick,1,3,NA,high,high,NA,high,optimum,high,high,optimum,high
317,patrick,2,1,NA,optimum,high,NA,high,optimum,high,high,low,high
318,patrick,2,2,NA,high,high,NA,high,low,high,high,optimum,high
319,patrick,2,3,NA,high,high,NA,high,low,high,high,optimum,high
320,patrick,3,1,NA,high,optimum,NA,high,optimum,high,high,optimum,high
321,patrick,3,2,NA,high,high,NA,high,optimum,high,high,optimum,high
322,patrick,3,3,NA,high,high,NA,high,optimum,high,high,optimum,high
323,patrick,4,1,NA,optimum,NA,NA,low,low,high,high,NA,high
324,patrick,4,2,NA,high,high,NA,high,optimum,high,high,low,high
325,patrick,4,3,NA,high,high,NA,high,low,high,high,optimum,high
326,patrick,5,1,NA,high,high,NA,high,optimum,high,high,optimum,high
327,patrick,5,2,NA,high,high,NA,high,optimum,high,high,optimum,high
328,patrick,5,3,NA,high,high,low,high,optimum,high,high,optimum,high
329,patrick,6,1,high,high,high,NA,high,optimum,high,high,optimum,high
330,patrick,6,2,high,high,high,NA,high,optimum,high,high,optimum,high
331,patrick,6,3,high,high,high,NA,high,optimum,high,high,optimum,high
332,patrick,7,1,high,high,high,NA,high,optimum,high,high,optimum,high
333,patrick,7,2,high,high,high,NA,high,optimum,high,high,optimum,high
334,patrick,7,3,high,high,high,NA,high,optimum,high,high,optimum,high
335,patrick,8,1,high,high,high,NA,high,optimum,high,high,NA,high
336,patrick,8,2,high,high,high,NA,high,optimum,high,high,NA,high
337,patrick,8,3,high,high,high,NA,high,optimum,high,high,NA,high
338,patrick,9,1,high,high,high,NA,high,optimum,high,high,low,high
339,patrick,9,2,high,high,high,NA,high,optimum,high,high,low,high
340,patrick,9,3,high,high,high,NA,high,optimum,high,high,NA,high
341,patrick,10,1,high,high,high,low,high,optimum,high,high,low,high
342,patrick,10,2,high,high,high,NA,high,optimum,high,high,NA,high
343,patrick,10,3,high,high,high,NA,high,optimum,high,high,NA,high
344,patrick,11,1,high,high,high,low,high,optimum,high,high,optimum,high
345,patrick,11,2,high,high,high,low,high,optimum,high,high,optimum,high
346,patrick,11,3,high,high,high,low,high,optimum,high,high,optimum,high
347,patrick,12,1,high,high,high,low,high,high,high,high,optimum,high
348,patrick,12,2,high,high,high,low,high,NA,high,high,optimum,high
349,patrick,12,3,high,high,high,low,high,NA,high,high,optimum,high
350,patrick,13,1,high,high,high,low,high,optimum,high,high,low,high
351,patrick,13,2,high,high,high,low,high,optimum,high,high,optimum,high
352,patrick,13,3,high,high,high,low,high,optimum,high,high,optimum,high
353,patrick,14,1,high,high,high,high,high,NA,high,high,high,high
354,patrick,14,2,high,high,high,high,high,NA,high,high,high,high
355,patrick,14,3,high,high,high,high,high,NA,high,high,high,high
356,patrick,15,1,high,high,high,low,high,optimum,high,high,optimum,high
357,patrick,15,2,high,high,high,low,high,optimum,high,high,optimum,high
358,patrick,15,3,high,high,high,NA,high,optimum,high,high,optimum,high
359,patrick,16,1,high,high,high,optimum,high,NA,high,high,high,high
360,patrick,16,2,high,high,high,high,high,NA,high,high,high,high
361,patrick,16,3,high,high,high,high,high,NA,high,high,high,high
362,patrick,17,1,high,high,high,high,high,NA,high,high,high,high
363,patrick,17,2,high,high,high,low,high,NA,high,high,high,high
364,patrick,17,3,high,high,high,optimum,high,optimum,high,high,optimum,high
365,patrick,18,1,high,high,high,high,high,NA,high,high,optimum,high
366,patrick,18,2,high,high,high,high,high,high,high,high,optimum,high
367,patrick,18,3,high,high,high,high,high,high,high,high,optimum,high
368,werner,1,1,high,high,high,high,high,NA,high,high,high,high
369,werner,1,2,high,high,high,high,high,NA,high,high,high,high
370,werner,1,3,high,high,high,high,high,NA,high,high,high,high
371,werner,2,1,high,high,high,optimum,high,NA,high,high,high,high
372,werner,2,2,high,high,high,high,high,NA,high,high,high,high
373,werner,2,3,high,high,high,high,high,NA,high,high,high,high
374,werner,3,1,high,high,high,low,high,NA,high,high,optimum,high
375,werner,3,2,high,high,high,low,high,NA,high,high,high,high
376,werner,3,3,high,high,high,low,high,NA,high,high,optimum,high
377,werner,4,1,high,high,high,low,high,optimum,high,high,optimum,high
378,werner,4,2,high,high,high,low,high,high,high,high,optimum,high
379,werner,4,3,high,high,high,low,high,high,high,high,optimum,high
380,werner,5,1,high,high,high,NA,high,optimum,high,high,optimum,high
381,werner,5,2,high,high,high,NA,high,optimum,high,high,optimum,high
382,werner,5,3,high,high,high,NA,high,optimum,high,high,optimum,high
383,werner,6,1,high,high,high,NA,high,NA,high,high,high,high
384,werner,6,2,high,high,high,NA,high,NA,high,high,high,high
385,werner,6,3,high,high,high,NA,high,NA,high,high,high,high
386,werner,7,1,high,high,high,NA,high,NA,high,high,high,high
387,werner,7,2,high,high,high,NA,high,NA,high,high,high,high
388,werner,7,3,high,high,high,NA,high,NA,high,high,high,high
389,werner,8,1,high,high,high,NA,high,optimum,high,high,optimum,high
390,werner,8,2,high,high,high,NA,high,optimum,high,high,optimum,high
391,werner,8,3,high,high,high,NA,high,optimum,high,high,optimum,high
392,werner,9,1,high,high,high,optimum,high,NA,high,high,optimum,high
393,werner,9,2,high,high,high,optimum,high,NA,high,high,high,high
394,werner,9,3,high,high,high,optimum,high,NA,high,high,high,high
395,werner,10,1,high,high,high,low,high,NA,high,high,high,high
396,werner,10,2,high,high,high,low,high,NA,high,high,high,high
397,werner,10,3,high,high,high,optimum,high,NA,high,high,high,high
398,werner,11,1,high,high,high,low,high,NA,high,high,high,high
399,werner,11,2,high,high,high,low,high,NA,high,high,high,high
400,werner,11,3,high,high,high,low,high,NA,high,high,high,high
401,werner,12,1,high,high,high,NA,high,optimum,high,high,optimum,high
402,werner,12,2,high,high,high,NA,high,optimum,high,high,optimum,high
403,werner,12,3,high,high,high,NA,high,optimum,high,high,optimum,high
404,werner,13,1,high,high,high,NA,high,high,high,high,optimum,high
405,werner,13,2,high,high,high,low,high,high,high,high,high,high
406,werner,13,3,high,high,high,NA,high,high,high,high,optimum,high
407,werner,14,1,high,high,high,low,high,high,high,high,optimum,high
408,werner,14,2,high,high,high,low,high,high,high,high,optimum,high
409,werner,14,3,high,high,high,low,high,high,high,high,optimum,high
410,werner,15,1,high,high,high,optimum,high,high,high,high,optimum,high
411,werner,15,2,high,high,high,low,high,high,high,high,optimum,high
412,werner,15,3,high,high,high,optimum,high,high,high,high,optimum,high
413,werner,16,1,high,high,high,low,high,high,high,high,optimum,high
414,werner,16,2,high,high,high,low,high,high,high,high,optimum,high
415,werner,16,3,high,high,high,NA,high,high,high,high,optimum,high
416,werner,17,1,high,high,high,low,high,high,high,high,high,high
417,werner,17,2,high,high,high,low,high,high,high,high,high,high
418,werner,17,3,high,high,high,optimum,high,high,high,high,high,high
419,werner,18,1,high,high,high,high,high,NA,high,high,high,high
420,werner,18,2,high,high,high,high,high,NA,high,high,high,high
421,werner,18,3,high,high,high,high,high,NA,high,high,high,high
422,krm,1,1,high,high,high,high,high,NA,high,high,high,high
423,krm,1,2,high,high,high,high,high,NA,high,high,high,high
424,krm,1,3,high,high,high,high,high,NA,high,high,high,high
425,krm,2,1,high,high,high,high,high,NA,high,high,high,high
426,krm,2,2,high,high,high,high,high,NA,high,high,high,high
427,krm,2,3,high,high,high,high,high,NA,high,high,high,high
428,krm,3,1,high,high,high,high,high,high,high,high,high,high
429,krm,3,2,high,high,high,high,high,high,high,high,high,high
430,krm,3,3,high,high,high,high,high,high,high,high,high,high
431,krm,4,1,high,high,high,low,high,NA,high,high,high,high
432,krm,4,2,high,high,high,low,high,NA,high,high,high,high
433,krm,4,3,high,high,high,low,high,NA,high,high,high,high
434,krm,5,1,high,high,high,high,high,NA,high,high,high,high
435,krm,5,2,high,high,high,high,high,NA,high,high,high,high
436,krm,5,3,high,high,high,high,high,NA,high,high,high,high
437,krm,6,1,high,high,high,low,high,high,high,high,high,high
438,krm,6,2,high,high,high,low,high,high,high,high,high,high
439,krm,6,3,high,high,high,low,high,high,high,high,high,high
440,krm,7,1,high,high,high,high,high,NA,high,high,high,high
441,krm,7,2,high,high,high,high,high,NA,high,high,high,high
442,krm,7,3,high,high,high,high,high,NA,high,high,high,high
443,krm,8,1,high,high,high,high,high,NA,high,high,high,high
444,krm,8,2,high,high,high,high,high,high,high,high,high,high
445,krm,8,3,high,high,high,high,high,NA,high,high,high,high
446,krm,9,1,high,high,high,high,high,NA,high,high,high,high
447,krm,9,2,high,high,high,high,high,NA,high,high,high,high
448,krm,9,3,high,high,high,high,high,NA,high,high,high,high
449,krm,10,1,high,high,high,high,high,high,high,high,high,high
450,krm,10,2,high,high,high,high,high,NA,high,high,high,high
451,krm,10,3,high,high,high,high,high,NA,high,high,high,high
452,krm,11,1,high,high,high,high,high,NA,high,high,high,high
453,krm,11,2,high,high,high,optimum,high,NA,high,high,high,optimum
454,krm,11,3,high,high,high,high,high,NA,high,high,high,high
455,krm,12,1,high,high,high,high,high,NA,high,high,high,high
456,krm,12,2,high,high,high,high,high,NA,high,high,high,high
457,krm,12,3,high,high,high,high,high,NA,high,high,high,high
458,krm,13,1,high,high,high,low,high,high,high,high,high,high
459,krm,13,2,high,high,high,low,high,high,high,high,high,high
460,krm,13,3,high,high,high,low,high,high,high,high,high,high
461,krm,14,1,high,high,high,high,high,high,high,high,high,high
462,krm,14,2,high,high,high,high,high,high,high,high,high,high
463,krm,14,3,high,high,high,high,high,high,high,high,high,high
464,krm,15,1,high,high,high,high,high,NA,high,high,high,high
465,krm,15,2,high,high,high,high,high,NA,high,high,high,high
466,krm,15,3,high,high,high,high,high,NA,high,high,high,high
467,krm,16,1,high,high,high,high,high,NA,high,high,high,high
468,krm,16,2,high,high,high,high,high,NA,high,high,high,high
469,krm,16,3,high,high,high,high,high,NA,high,high,high,high
470,c15,1,1,high,high,high,NA,high,high,high,high,optimum,high
471,c15,1,2,NA,high,high,NA,high,high,high,high,NA,high
472,c15,1,3,NA,high,high,NA,high,high,high,high,NA,high
473,c15,2,1,NA,high,high,NA,high,high,high,high,NA,optimum
474,c15,2,2,NA,high,high,NA,high,high,high,high,NA,high
475,c15,2,3,NA,high,high,NA,high,high,high,high,NA,optimum
476,c15,3,1,NA,optimum,high,NA,low,high,high,high,NA,optimum
477,c15,3,2,NA,high,high,NA,high,high,high,high,NA,optimum
478,c15,3,3,NA,optimum,high,NA,low,high,high,high,NA,optimum
479,c15,4,1,NA,high,high,NA,high,high,high,high,NA,optimum
480,c15,4,2,NA,optimum,high,NA,high,high,high,high,NA,optimum
481,c15,4,3,NA,optimum,high,NA,optimum,high,high,high,NA,optimum
482,c15,5,1,NA,high,high,NA,high,high,high,high,NA,optimum
483,c15,5,2,NA,optimum,high,NA,high,high,high,high,NA,optimum
484,c15,5,3,NA,high,high,NA,high,high,high,high,NA,optimum
485,c15,6,1,NA,high,high,NA,high,high,high,high,NA,optimum
486,c15,6,2,NA,high,high,NA,high,high,high,high,NA,optimum
487,c15,6,3,NA,high,high,NA,high,high,high,high,NA,optimum
488,c15,7,1,NA,high,high,NA,high,high,high,high,NA,optimum
489,c15,7,2,NA,optimum,high,NA,optimum,high,high,high,NA,optimum
490,c15,7,3,NA,optimum,high,NA,high,high,high,high,NA,optimum
491,c15,8,1,NA,high,high,NA,high,high,high,high,NA,optimum
492,c15,8,2,NA,high,high,NA,high,high,high,high,NA,optimum
493,c15,8,3,NA,high,high,NA,high,high,high,high,NA,optimum
494,c15,9,1,NA,high,high,NA,high,high,high,high,NA,optimum
495,c15,9,2,NA,high,high,NA,high,high,high,high,NA,optimum
496,c15,9,3,NA,high,high,NA,optimum,high,high,high,NA,optimum
497,c15,10,1,NA,high,high,NA,high,high,high,high,NA,optimum
498,c15,10,2,NA,high,high,NA,high,high,high,high,NA,optimum
499,c15,10,3,NA,high,high,NA,high,high,high,high,NA,optimum
500,c15,11,1,NA,high,high,NA,high,high,high,high,NA,optimum
501,c15,11,2,NA,high,high,NA,high,high,high,high,NA,optimum
502,c15,11,3,NA,high,high,NA,optimum,optimum,high,high,NA,optimum
503,c15,12,1,NA,high,high,NA,high,high,high,high,NA,optimum
504,c15,12,2,NA,high,high,NA,high,high,high,high,NA,optimum
505,c15,12,3,NA,high,high,NA,high,high,high,high,NA,optimum
506,c15,13,1,NA,high,high,NA,high,high,high,high,NA,optimum
507,c15,13,2,NA,high,high,NA,high,high,high,high,NA,optimum
508,c15,13,3,NA,high,high,NA,high,high,high,high,NA,optimum
509,c15,14,1,NA,high,high,NA,high,high,high,high,NA,optimum
510,c15,14,2,NA,high,high,NA,high,high,high,high,NA,optimum
511,c15,14,3,NA,high,high,NA,high,high,high,high,NA,optimum
512,c15,15,1,NA,high,high,NA,high,high,high,high,NA,optimum
513,c15,15,2,NA,high,high,NA,high,high,high,high,NA,optimum
514,c15,15,3,NA,high,high,NA,high,high,high,high,NA,optimum
515,c15,17,1,NA,high,high,NA,high,high,high,high,NA,optimum
516,c15,17,2,NA,high,high,NA,high,high,high,high,NA,optimum
517,c15,18,1,NA,high,high,NA,high,high,high,high,NA,optimum
518,c15,18,2,NA,high,high,NA,high,high,high,high,NA,optimum
519,c15,18,3,NA,high,high,NA,high,high,high,high,NA,optimum
520,c15,19,1,NA,high,high,NA,high,high,high,high,NA,optimum
521,c15,19,2,NA,high,high,NA,high,high,high,high,NA,optimum
522,c15,19,3,NA,high,high,NA,high,high,high,high,NA,optimum
523,c15,20,1,NA,high,high,NA,high,high,high,high,NA,optimum
524,c15,20,2,NA,high,high,NA,high,high,high,high,NA,optimum
525,c15,20,3,NA,high,high,NA,high,high,high,high,NA,optimum
526,c15,21,1,NA,high,high,NA,high,high,high,high,NA,optimum
527,c15,21,2,NA,high,high,NA,high,high,high,high,NA,optimum
528,c15,21,3,NA,high,high,NA,high,high,high,high,NA,optimum
529,c15,22,1,NA,high,high,NA,high,high,high,high,NA,optimum
530,c15,22,2,NA,high,high,NA,high,high,high,high,NA,optimum
531,c15,22,3,NA,high,high,NA,high,high,high,high,NA,optimum
532,c15,23,1,NA,high,high,NA,high,high,high,high,NA,optimum
533,c15,23,2,NA,high,high,NA,high,high,high,high,NA,optimum
534,c15,23,3,NA,high,high,NA,high,high,high,high,NA,optimum
535,c15,24,1,NA,high,high,NA,high,high,high,high,NA,optimum
536,c15,24,2,NA,high,high,NA,high,high,high,high,NA,optimum
537,c15,24,3,NA,high,high,NA,high,high,high,high,NA,optimum
538,c15,25,1,NA,high,high,NA,high,high,high,high,NA,optimum
539,c15,25,2,NA,high,high,NA,high,high,high,high,NA,optimum
540,c15,25,3,NA,high,high,NA,high,high,high,high,NA,optimum
541,c15,26,1,NA,high,high,NA,high,high,high,high,NA,optimum
542,c15,26,2,NA,high,high,NA,high,high,high,high,NA,optimum
543,c15,26,3,NA,high,high,NA,high,high,high,high,NA,optimum
544,c15,27,1,NA,high,high,NA,high,high,high,high,NA,optimum
545,c15,27,2,NA,high,high,NA,high,high,high,high,NA,optimum
546,c15,27,3,NA,high,high,NA,high,high,high,high,NA,optimum
547,c15,28,1,NA,high,high,NA,high,high,high,high,NA,optimum
548,c15,28,2,NA,high,high,NA,high,optimum,high,high,NA,optimum
549,c15,28,3,NA,high,high,NA,high,high,high,high,NA,optimum
550,c15,29,1,NA,high,high,NA,high,high,high,high,NA,optimum
551,c15,29,2,NA,high,high,NA,high,high,high,high,NA,optimum
552,c15,29,3,NA,high,high,NA,high,high,high,high,NA,optimum
553,c15,31,1,NA,high,high,NA,high,high,high,high,NA,optimum
554,c15,31,2,NA,high,high,NA,high,high,high,high,NA,optimum
555,c15,32,1,NA,high,high,NA,high,high,high,high,NA,optimum
556,c15,32,2,NA,high,high,NA,high,high,high,high,NA,optimum
557,c15,32,3,NA,high,high,NA,high,high,high,high,NA,optimum
558,c15,33,1,NA,high,high,NA,high,high,high,high,NA,optimum
559,c15,33,2,NA,high,high,NA,high,high,high,high,NA,optimum
560,c15,33,3,NA,high,high,NA,high,high,high,high,NA,optimum
561,c15,34,1,NA,optimum,high,NA,high,optimum,high,high,NA,optimum
562,c15,34,2,NA,high,high,NA,high,optimum,high,high,NA,optimum
563,c15,34,3,NA,high,high,NA,high,optimum,high,high,NA,optimum
564,c15,35,1,NA,high,high,NA,high,optimum,high,high,NA,optimum
565,c15,35,2,NA,high,high,NA,high,high,high,high,NA,optimum
566,c15,35,3,NA,high,low,NA,high,high,high,high,NA,optimum
567,c15,36,1,NA,optimum,low,NA,high,optimum,high,high,NA,optimum
568,c15,36,2,NA,high,optimum,NA,high,optimum,high,high,NA,optimum
569,c15,36,3,NA,high,high,NA,high,optimum,high,high,NA,optimum
570,c15,37,1,NA,high,optimum,NA,high,high,high,high,NA,optimum
571,c15,37,2,NA,high,high,NA,high,high,high,high,NA,optimum
572,c15,37,3,NA,NA,NA,NA,NA,high,high,high,NA,optimum
573,c15,38,1,NA,high,high,NA,high,high,high,high,NA,optimum
574,c15,38,2,NA,optimum,high,NA,high,optimum,high,high,NA,optimum
575,c15,38,3,NA,high,high,NA,high,high,high,high,NA,optimum
576,c15,39,1,NA,high,high,NA,high,high,high,high,NA,optimum
577,c15,40,1,NA,high,low,NA,high,high,high,high,NA,high
578,c15,40,2,NA,NA,NA,NA,high,high,high,high,NA,high
579,c15,41,1,NA,high,high,NA,high,high,high,high,NA,high
580,c15,41,2,NA,high,high,NA,high,high,high,high,NA,high
581,c15,41,3,NA,high,high,NA,high,high,high,high,NA,high
582,c15,42,1,NA,high,NA,NA,high,high,high,high,NA,optimum
583,c15,42,2,NA,high,high,NA,high,high,high,high,NA,optimum
584,c15,42,3,NA,high,high,NA,high,high,high,high,NA,optimum
585,c15,43,1,NA,high,NA,NA,high,high,high,high,NA,optimum
586,c15,43,2,NA,high,low,NA,high,high,high,high,NA,optimum
587,c15,43,3,NA,high,NA,NA,high,high,high,high,NA,optimum
588,c15,44,1,NA,high,NA,NA,high,high,high,high,NA,optimum
589,c15,44,2,NA,high,NA,NA,high,high,high,high,NA,optimum
590,c15,44,3,NA,high,NA,NA,high,high,high,high,NA,optimum
591,c21,1,1,NA,high,high,NA,high,high,high,high,NA,optimum
592,c21,1,2,NA,high,high,NA,high,high,high,high,NA,optimum
593,c21,1,3,NA,high,high,NA,high,high,high,high,NA,optimum
594,c21,2,1,NA,high,high,NA,high,high,high,high,NA,optimum
595,c21,2,2,NA,high,high,NA,high,high,high,high,NA,optimum
596,c21,2,3,NA,high,high,NA,high,high,high,high,NA,optimum
597,c21,3,1,NA,high,high,NA,high,high,high,high,NA,optimum
598,c21,3,2,NA,high,high,NA,high,high,high,high,NA,optimum
599,c21,3,3,NA,NA,NA,NA,NA,low,high,high,NA,NA
600,c21,4,1,NA,high,high,NA,high,high,high,high,NA,optimum
601,c21,4,2,NA,high,high,NA,high,high,high,high,NA,optimum
602,c21,4,3,NA,high,high,NA,high,high,high,high,NA,optimum
603,c21,5,1,NA,high,high,NA,high,high,high,high,NA,optimum
604,c21,5,2,NA,NA,NA,NA,NA,low,high,high,NA,NA
605,c21,5,3,NA,high,high,NA,high,high,high,high,NA,optimum
606,c21,6,1,NA,high,high,NA,high,high,high,high,NA,optimum
607,c21,6,2,NA,high,high,NA,high,high,high,high,NA,optimum
608,c21,6,3,NA,high,high,NA,high,high,high,high,NA,optimum
609,c21,7,1,NA,high,high,NA,high,high,high,high,NA,optimum
610,c21,7,2,NA,high,high,NA,high,high,high,high,NA,optimum
611,c21,7,3,NA,high,high,NA,high,high,high,high,NA,optimum
612,c21,8,1,NA,high,high,NA,high,high,high,high,NA,optimum
613,c21,8,2,NA,high,high,NA,high,high,high,high,NA,optimum
614,c21,8,3,NA,high,high,NA,high,high,high,high,NA,optimum
615,c21,9,1,NA,high,high,NA,high,high,high,high,NA,optimum
616,c21,9,2,NA,high,high,NA,high,high,high,high,NA,optimum
617,c21,9,3,NA,high,high,NA,high,high,high,high,NA,optimum
618,c21,10,1,NA,high,high,NA,high,high,high,high,NA,optimum
619,c21,10,2,NA,high,high,NA,high,high,high,high,NA,optimum
620,c21,10,3,NA,high,high,NA,high,high,high,high,NA,optimum
621,c21,11,1,NA,high,high,NA,high,high,high,high,NA,optimum
622,c21,11,2,NA,high,high,NA,high,high,high,high,NA,optimum
623,c21,11,3,NA,high,high,NA,high,high,high,high,NA,optimum
624,c21,12,1,NA,high,high,NA,high,high,high,high,NA,optimum
625,c21,12,2,NA,high,high,NA,high,high,high,high,NA,optimum
626,c21,12,3,NA,high,high,NA,high,high,high,high,NA,optimum
627,c21,13,1,NA,high,high,NA,high,high,high,high,NA,optimum
628,c21,13,2,NA,high,high,NA,high,high,high,high,NA,optimum
629,c21,13,3,NA,high,high,NA,high,high,high,high,NA,optimum
630,c21,14,1,NA,high,high,NA,high,high,high,high,NA,optimum
631,c21,14,2,NA,high,high,NA,high,high,high,high,NA,optimum
632,c21,14,3,NA,high,high,NA,high,high,high,high,NA,optimum
633,c21,15,1,NA,high,high,NA,high,high,high,high,NA,optimum
634,c21,15,2,NA,high,high,NA,high,high,high,high,NA,optimum
635,c21,15,3,NA,high,high,high,high,high,high,high,NA,optimum
636,c21,16,1,NA,high,high,optimum,high,high,high,high,NA,optimum
637,c21,17,1,NA,high,high,high,high,high,high,high,NA,optimum
638,c21,17,2,NA,high,high,high,high,high,high,high,NA,optimum
639,c21,17,3,NA,high,high,high,high,high,high,high,NA,optimum
640,c21,18,1,NA,high,high,low,high,high,high,high,NA,optimum
641,c21,18,2,NA,high,high,optimum,high,high,high,high,NA,optimum
642,c21,18,3,NA,high,high,optimum,high,high,high,high,NA,optimum
643,c21,19,1,NA,high,high,low,high,high,high,high,NA,optimum
644,c21,19,2,NA,high,high,low,high,high,high,high,NA,optimum
645,c21,19,3,NA,high,high,optimum,high,high,high,high,NA,optimum
646,c21,20,1,NA,high,high,low,high,high,high,high,NA,optimum
647,c21,20,2,NA,high,high,low,high,high,high,high,NA,optimum
648,c21,20,3,NA,high,high,low,high,high,high,high,NA,optimum
649,c21,21,1,NA,high,low,NA,high,high,high,high,NA,optimum
650,c21,21,2,NA,high,optimum,NA,high,high,high,high,NA,optimum
651,c21,21,3,NA,high,optimum,NA,high,high,high,high,NA,optimum
652,c21,22,1,NA,high,high,NA,high,high,high,high,NA,optimum
653,c21,22,2,NA,high,low,NA,high,high,high,high,NA,optimum
654,c21,22,3,NA,high,NA,NA,high,high,high,high,NA,optimum
655,c21,23,1,NA,high,NA,NA,high,high,high,high,NA,optimum
656,c21,23,2,NA,high,high,NA,high,high,high,high,NA,optimum
657,c21,23,3,NA,high,high,NA,high,high,high,high,NA,optimum
658,c21,24,1,NA,high,NA,NA,high,high,high,high,NA,optimum
659,c21,24,2,NA,high,optimum,NA,high,high,high,high,NA,optimum
660,c21,24,3,NA,high,high,NA,high,high,high,high,NA,optimum
661,c21,25,1,NA,NA,NA,NA,high,high,high,high,NA,high
662,c21,25,2,NA,optimum,NA,NA,high,high,high,high,NA,high
663,c21,25,3,NA,NA,NA,NA,high,high,high,high,NA,high
664,c21,26,1,NA,NA,NA,NA,high,high,high,high,NA,high
665,c21,26,2,NA,NA,NA,NA,high,high,high,high,NA,high
666,c21,26,3,NA,NA,NA,NA,high,high,high,high,NA,high
667,c21,27,1,NA,NA,NA,NA,high,high,high,high,NA,optimum
668,c21,27,2,NA,NA,NA,NA,high,high,high,high,NA,optimum
669,c21,27,3,NA,NA,NA,NA,high,high,high,high,NA,optimum
670,c21,28,1,NA,optimum,NA,NA,high,high,high,high,NA,optimum
671,c21,28,2,NA,optimum,NA,NA,high,high,high,high,NA,optimum
672,c21,28,3,NA,low,NA,NA,high,high,high,high,NA,optimum
673,c21,29,1,NA,NA,NA,NA,high,high,high,high,NA,optimum
674,c21,29,2,NA,NA,NA,NA,high,high,high,high,NA,optimum
675,c21,29,3,NA,NA,NA,NA,high,high,high,high,NA,optimum
676,c21,30,1,NA,NA,NA,NA,high,high,high,high,NA,optimum
677,c21,30,2,NA,NA,NA,NA,high,high,high,high,NA,optimum
678,c21,30,3,NA,NA,NA,NA,high,high,high,high,NA,optimum
679,c21,31,1,NA,NA,NA,NA,high,high,high,high,NA,optimum
680,c21,31,2,NA,NA,NA,NA,high,high,high,high,NA,optimum
681,c21,31,3,NA,optimum,high,NA,high,high,high,high,NA,optimum
682,c21,32,1,NA,NA,NA,NA,high,high,high,high,NA,optimum
683,c21,32,2,NA,NA,NA,NA,high,high,high,high,NA,optimum
684,c21,32,3,NA,NA,NA,NA,high,high,high,high,NA,optimum
685,c21,33,1,NA,low,NA,NA,high,high,high,high,NA,optimum
686,c21,33,2,NA,NA,NA,NA,high,high,high,high,NA,optimum
687,c21,33,3,NA,NA,NA,NA,high,high,high,high,NA,optimum
688,c21,34,1,NA,NA,NA,NA,high,high,high,high,NA,optimum
689,c21,34,2,NA,NA,NA,NA,high,high,high,high,NA,optimum
690,c21,34,3,NA,NA,NA,NA,high,high,high,high,NA,optimum
691,c21,35,1,NA,NA,NA,NA,high,high,high,high,NA,optimum
692,c21,35,2,NA,NA,NA,NA,high,high,high,high,NA,optimum
693,c21,35,3,NA,NA,NA,NA,high,high,high,high,NA,optimum
694,c21,36,1,NA,NA,NA,NA,high,high,high,high,NA,optimum
695,c21,36,2,NA,NA,NA,NA,high,high,high,high,NA,optimum
696,c21,36,3,NA,NA,NA,NA,high,high,high,high,NA,optimum
697,c21,37,1,NA,NA,NA,NA,high,high,high,high,NA,optimum
698,c21,37,2,NA,NA,NA,NA,high,high,high,high,NA,optimum
699,c21,37,3,NA,NA,NA,NA,high,high,high,high,NA,optimum
700,c21,38,1,NA,NA,NA,NA,high,high,high,high,NA,optimum
701,c21,38,2,NA,NA,NA,NA,high,high,high,high,NA,optimum
702,c21,38,3,NA,NA,NA,NA,high,high,high,high,NA,optimum
703,c21,39,1,NA,NA,NA,NA,high,high,high,high,NA,optimum
704,c21,39,2,NA,low,NA,NA,high,high,high,high,NA,optimum
705,c21,39,3,NA,optimum,NA,NA,high,high,high,high,NA,optimum
706,c21,40,1,NA,NA,NA,NA,high,high,high,high,NA,optimum
707,c21,40,2,NA,NA,NA,NA,high,high,high,high,NA,optimum
708,c21,40,3,NA,NA,NA,NA,high,high,high,high,NA,optimum
709,c21,41,1,NA,high,high,NA,high,high,high,high,NA,optimum
710,c21,41,2,NA,high,high,NA,high,high,high,high,NA,optimum
711,c21,41,3,NA,high,high,NA,high,high,high,high,NA,optimum
712,c21,42,1,NA,high,high,NA,high,high,high,high,NA,optimum
713,c21,42,2,NA,high,high,NA,high,high,high,high,NA,optimum
714,c21,42,3,NA,high,high,NA,high,high,high,high,NA,optimum
715,c21,43,1,NA,high,high,NA,high,high,high,high,NA,optimum
716,c21,43,2,NA,high,high,NA,high,high,high,high,NA,optimum
717,c21,43,3,NA,high,high,NA,high,high,high,high,NA,optimum
718,c21,44,1,NA,high,high,NA,high,high,high,high,NA,optimum
719,c21,44,2,NA,high,high,NA,high,high,high,high,NA,optimum
720,c21,44,3,NA,high,high,NA,high,high,high,high,NA,optimum
721,c21,45,1,NA,high,high,NA,high,high,high,high,NA,optimum
722,c21,45,2,NA,high,high,NA,high,high,high,high,NA,optimum
723,c21,45,3,NA,high,high,NA,high,optimum,high,high,NA,optimum
724,c21,46,1,NA,high,high,NA,high,optimum,high,high,NA,optimum
725,c21,46,2,NA,high,high,NA,high,high,high,high,NA,optimum
726,c21,46,3,NA,high,high,NA,high,high,high,high,NA,optimum
727,c21,47,1,NA,high,high,NA,high,optimum,high,high,NA,optimum
728,c21,47,2,NA,high,high,NA,high,optimum,high,high,NA,optimum
729,c21,47,3,NA,high,high,NA,high,optimum,high,high,NA,optimum
730,c21,48,1,NA,high,high,NA,high,high,high,high,NA,optimum
731,c21,48,2,NA,high,high,NA,high,high,high,high,NA,optimum
732,c21,48,3,high,high,high,NA,high,high,high,high,NA,optimum
733,c28,1,1,NA,high,high,NA,high,high,high,high,NA,high
734,c28,1,2,NA,high,high,NA,high,high,high,high,NA,high
735,c28,1,3,NA,high,high,NA,high,high,high,high,NA,high
736,c28,2,1,NA,high,high,NA,high,high,high,high,NA,high
737,c28,2,2,NA,high,high,NA,high,high,high,high,NA,high
738,c28,2,3,NA,high,high,NA,high,high,high,high,NA,high
739,c28,3,1,NA,high,high,NA,high,high,high,high,NA,high
740,c28,3,2,NA,high,high,NA,high,high,high,high,NA,high
741,c28,3,3,NA,high,high,NA,high,high,high,high,NA,high
742,c28,4,1,NA,high,high,NA,high,high,high,high,NA,high
743,c28,4,2,NA,high,high,NA,high,high,high,high,NA,high
744,c28,4,3,NA,high,high,NA,high,high,high,high,NA,high
745,c28,5,1,NA,high,high,NA,high,high,high,high,NA,high
746,c28,5,2,NA,high,high,NA,high,high,high,high,NA,high
747,c28,5,3,NA,high,high,NA,high,high,high,high,NA,high
748,c28,6,1,NA,high,high,NA,high,high,high,high,NA,optimum
749,c28,6,2,NA,high,high,NA,high,high,high,high,NA,high
750,c28,6,3,NA,high,high,NA,high,high,high,high,NA,high
751,c28,7,1,NA,high,high,NA,high,high,high,high,NA,high
752,c28,7,2,NA,high,high,NA,high,high,high,high,NA,high
753,c28,7,3,NA,high,high,NA,high,high,high,high,NA,high
754,c28,8,1,NA,high,high,NA,high,high,high,high,NA,high
755,c28,8,2,NA,high,high,NA,high,high,high,high,NA,optimum
756,c28,8,3,NA,high,high,NA,high,high,high,high,NA,optimum
757,c28,9,1,NA,high,high,NA,high,high,high,high,NA,optimum
758,c28,9,2,NA,high,high,NA,high,high,high,high,NA,optimum
759,c28,9,3,NA,high,high,NA,high,high,high,high,NA,high
760,c28,10,1,NA,high,high,NA,high,high,high,high,NA,high
761,c28,10,2,NA,high,high,NA,high,high,high,high,NA,high
762,c28,10,3,NA,high,high,NA,high,high,high,high,NA,high
763,c28,11,1,NA,high,high,NA,high,high,high,high,NA,high
764,c28,11,2,NA,high,high,NA,high,high,high,high,NA,high
765,c28,11,3,NA,high,high,NA,high,high,high,high,NA,high
766,c28,12,1,NA,high,high,NA,high,high,high,high,NA,high
767,c28,12,2,NA,high,high,NA,high,high,high,high,NA,high
768,c28,12,3,NA,high,high,NA,high,high,high,high,NA,high
769,c28,13,1,NA,high,high,NA,high,high,high,high,NA,high
770,c28,13,2,NA,high,high,NA,high,high,high,high,NA,high
771,c28,13,3,NA,high,high,NA,high,high,high,high,NA,high
772,c28,14,1,NA,high,high,NA,high,high,high,high,NA,high
773,c28,14,2,NA,high,high,NA,high,high,high,high,NA,high
774,c28,14,3,NA,high,high,NA,high,high,high,high,NA,high
775,c28,15,1,NA,high,high,NA,high,high,high,high,NA,optimum
776,c28,15,2,NA,high,high,NA,high,high,high,high,NA,optimum
777,c28,15,3,NA,high,high,NA,high,high,high,high,NA,optimum
778,c28,16,1,NA,high,high,NA,high,high,high,high,NA,optimum
779,c28,16,2,NA,high,high,NA,high,high,high,high,NA,optimum
780,c28,16,3,NA,high,high,NA,high,high,high,high,NA,optimum
781,c28,17,1,NA,high,high,NA,high,optimum,high,high,NA,optimum
782,c28,17,2,NA,optimum,high,NA,high,optimum,high,high,NA,optimum
783,c28,17,3,NA,optimum,high,NA,high,optimum,high,high,NA,optimum
784,c28,18,1,NA,high,high,NA,high,high,high,high,NA,optimum
785,c28,18,2,NA,high,high,NA,high,high,high,high,NA,optimum
786,c28,18,3,NA,high,high,NA,high,high,high,high,NA,optimum
787,c28,19,1,NA,high,high,NA,high,high,high,high,NA,optimum
788,c28,19,2,NA,high,high,NA,high,high,high,high,NA,optimum
789,c28,19,3,NA,high,high,NA,high,high,high,high,NA,optimum
